id,name
197,
186,
186,
187,
188,
186,
186,
186,
189,
189,
189,
568,
568,
568,
192,
569,
569,
200,
200,
570,
570,
193,
193,
193,
193,
193,
193,
194,
194,
571,
194,
195,
195,
195,
196,
196,
197,
197,
195,
195,
198,
198,
199,
199,
199,
569,
569,
572,
572,
572,
191,
191,
191,
192,
192,
192,
188,
188,
570,
570,
570,
573,
573,
573,
573,
200,
200,
200,
191,
574,
574,
574,
194,
575,
575,
572,
572,
572,
187,
187,
187,
196,
196,
188,
188,
197,
197,
186,
187,
188,
189,
192,
200,
193,
194,
195,
197,
199,
191,
